Kunder Afdeling Nr Navn;Kunder Debitor Nr Navn;udpluk (lokalAttribut5);lokalAttribut5_opslag;tilsvarende SOR-ID (SOR);tilsvarende SOR-ID (Parent-SOR);udpluk (lokalAttribut5_lang);tilsvarende SOR-ID (SOR)_lang;tilsvarende SOR-ID (Parent-SOR)_lang;SP afd navn SOR
1301-A22215-A2221513 X Røntgen Centrale Afsnit;15032023 Røntgen centrale afsnit;A22215;Radiologisk Afdeling;2,57E+14;2,57E+14;A2221513;2,57E+14;2,57E+14;RH X, RADIOLOGISK AFDELING
1301-A22215-A2221514 X Neuroradiologisk afsnit;15033023 Neuroradiologisk afs;A22215;Radiologisk Afdeling;2,57E+14;2,57E+14;A2221514;4,35E+14;2,57E+14;RH X, RADIOLOGISK AFDELING
1301-A22215-A2221515 X Ultralydsektion;15014123 Ultralyd afsnit;A22215;Radiologisk Afdeling;2,57E+14;2,57E+14;A2221515;2,57E+14;2,57E+14;RH X, RADIOLOGISK AFDELING
1301-A22215-A2221516 X Vaskulært afsnit;222151601 Vasculært afsnit;A22215;Radiologisk Afdeling;2,57E+14;2,57E+14;A2221516;4,35E+14;2,57E+14;RH X, RADIOLOGISK AFDELING
1301-A22215-A2221517 MR Sektion;222151703 Røntgen og Skanning 6001X1;A22215;Radiologisk Afdeling;2,57E+14;2,57E+14;A2221517;4,35E+14;2,57E+14;RH X, RADIOLOGISK AFDELING
1301-A22215-A2221524 Coiling;222152401 6023X Neurovaskulær;A22215;Radiologisk Afdeling;2,57E+14;2,57E+14;A2221524;4,35E+14;2,57E+14;RH X, RADIOLOGISK AFDELING
1301-A22215-A2221526 DA Radiologisk afdeling GLO;150205A1 Radiologisk afsnit XGA00;A22215;Radiologisk Afdeling;2,57E+14;2,57E+14;A2221526;5,85E+14;2,57E+14;RH X, RADIOLOGISK AFDELING
1301-A22220-A2222011 KF Undersøgelsesafsnit;16014011 Kf undersøgelsesafs;A22220;KF - Nuclearmedicinsk Afdeling;2,57E+14;2,57E+14;A2222011;2,57E+14;2,57E+14;RH KF, KLINIK FOR FYSIOLOGI OG NUKLEARMEDICIN, KF
1301-A22220-A2222012 KF PET sektion;16013982 KF pet;A22220;KF - Nuclearmedicinsk Afdeling;2,57E+14;2,57E+14;A2222012;4,35E+14;2,57E+14;RH KF, KLINIK FOR FYSIOLOGI OG NUKLEARMEDICIN, KF
1301-A22220-A2222013 KF Cyklotron og Kemi;16043982 Radiokemienheden;A22220;KF - Nuclearmedicinsk Afdeling;2,57E+14;2,57E+14;A2222013;4,35E+14;2,57E+14;RH KF, KLINIK FOR FYSIOLOGI OG NUKLEARMEDICIN, KF
1301-A22220-A2222014 DA klin. fys. nuklearmed. afd. GLO;150216A1 ØB2 Klin. Fys/Nuk. Med. KFGLO;A22220;KF - Nuclearmedicinsk Afdeling;2,57E+14;2,57E+14;A2222014;5,85E+14;2,57E+14;RH KF, KLINIK FOR FYSIOLOGI OG NUKLEARMEDICIN, KF
1301-A22225-A2222500 KB Fælles;17323011 Lc kb fælles;A22225;Klinisk Biokemi;2,57E+14;2,57E+14;A2222500;2,57E+14;2,57E+14;RH KB, KLINISK BIOKEMI
1301-A22225-A2222514 Neuroendokrinologi;17313014 Lc kb neuroendokrinologi/onkol;A22225;Klinisk Biokemi;2,57E+14;2,57E+14;A2222514;4,35E+14;2,57E+14;RH KB, KLINISK BIOKEMI
1301-A22225-A2222515 Mol. Cardiovask. Diag.;17333013 Mol. Cardiovask. Diag.;A22225;Klinisk Biokemi;2,57E+14;2,57E+14;A2222515;4,35E+14;2,57E+14;RH KB, KLINISK BIOKEMI
1301-A22225-A2222516 Genetisk epidemiologi;17354111 Hjertegenetik;A22225;Klinisk Biokemi;2,57E+14;2,57E+14;A2222516;4,35E+14;2,57E+14;RH KB, KLINISK BIOKEMI
1301-A22225-A2222518 KB grp. 1;17353011 Klin biokem kb;A22225;Klinisk Biokemi;2,57E+14;2,57E+14;A2222518;4,35E+14;2,57E+14;RH KB, KLINISK BIOKEMI
1301-A22225-A2222523 DA Klinisk Biokemisk Afdeling GLO;150217A Klinisk Biokemisk afd. Biolab;A22225;Klinisk Biokemi;2,57E+14;2,57E+14;A2222523;5,85E+14;2,57E+14;RH KB, KLINISK BIOKEMI
1301-A22225-A2222523 DA Klinisk Biokemisk Afdeling GLO;150217A1 VB2 Klin. biokemisk afs KBGA00;A22225;Klinisk Biokemi;2,57E+14;2,57E+14;A2222523;5,85E+14;2,57E+14;RH KB, KLINISK BIOKEMI
1301-A22225-A2222526 KB flow;42044041 Markør lab rutine 42044041;A22225;Klinisk Biokemi;2,57E+14;2,57E+14;A2222526;6,87E+14;2,57E+14;RH KB, KLINISK BIOKEMI
1301-A22226-A2222610 Genomisk Medicin;222261000 Genomisk Medicin GMB01 RH;A22226;Genomisk Medicin;1,02E+15;2,57E+14;A2222610;1,03E+15;1,02E+15;RH GM, GENOMISK MEDICIN
1301-A22226-A2222610 Genomisk Medicin;222261000A Genomisk Medicin GMB01 GLO;A22226;Genomisk Medicin;1,02E+15;2,57E+14;A2222610;1,03E+15;1,02E+15;RH GM, GENOMISK MEDICIN
1301-A22230-A2223000 LC KI Blod Fælles;17702031 Blod fælles;A22230;Klinisk Immunologi;2,57E+14;2,57E+14;A2223000;2,57E+14;2,57E+14;RH KI, KLINISK IMMUNOLOGISK AFD. KI
1301-A22230-A2223012 KI Herlev;1516210 Blodbanken 54 K6;A22230;Klinisk Immunologi;2,57E+14;2,57E+14;A2223012;4,35E+14;2,57E+14;RH KI, KLINISK IMMUNOLOGISK AFD. KI
1301-A22230-A2223015 KI Nordsjælland;20001610 Klin Immunologi 1610 HI;A22230;Klinisk Immunologi;2,57E+14;2,57E+14;A2223015;4,35E+14;2,57E+14;RH KI, KLINISK IMMUNOLOGISK AFD. KI
1301-A22230-A2223016 LC KI, blod stamcelle;17712031 Stamcellelaboratoriet/Aferese;A22230;Klinisk Immunologi;2,57E+14;2,57E+14;A2223016;4,35E+14;2,57E+14;RH KI, KLINISK IMMUNOLOGISK AFD. KI
1301-A22230-A2223017 LC KI, blod tapning;17729501 Donortapning RH;A22230;Klinisk Immunologi;2,57E+14;2,57E+14;A2223017;4,35E+14;2,57E+14;RH KI, KLINISK IMMUNOLOGISK AFD. KI
1301-A22230-A2223018 LC KI, blod smitte/screen;17738503 Viruslaboratorium;A22230;Klinisk Immunologi;2,57E+14;2,57E+14;A2223018;4,35E+14;2,57E+14;RH KI, KLINISK IMMUNOLOGISK AFD. KI
1301-A22230-A2223019 LC KI, blod blodtypeserologi;17742031 Blodtypeserologi;A22230;Klinisk Immunologi;2,57E+14;2,57E+14;A2223019;4,35E+14;2,57E+14;RH KI, KLINISK IMMUNOLOGISK AFD. KI
1301-A22230-A2223020 Kvalitetslaboratorium;17752031 Kvalitetslaboratoriet;A22230;Klinisk Immunologi;2,57E+14;2,57E+14;A2223020;4,35E+14;2,57E+14;RH KI, KLINISK IMMUNOLOGISK AFD. KI
1301-A22230-A2223021 H:S blod, fraktionering;17762031 H:S Blodfraktionering;A22230;Klinisk Immunologi;2,57E+14;2,57E+14;A2223021;4,35E+14;2,57E+14;RH KI, KLINISK IMMUNOLOGISK AFD. KI
1301-A22230-A2223022 H:S blodbank, Hvidovre;17782032 Hvidovre blodbank;A22230;Klinisk Immunologi;2,57E+14;2,57E+14;A2223022;4,35E+14;2,57E+14;RH KI, KLINISK IMMUNOLOGISK AFD. KI
1301-A22230-A2223024 LC KI, Væv rutine;17917631 LC ki blod væv rutine;A22230;Klinisk Immunologi;2,57E+14;2,57E+14;A2223024;4,35E+14;2,57E+14;RH KI, KLINISK IMMUNOLOGISK AFD. KI
1301-A22230-A2223025 KI - Giv Blod;222302500 Blodbanken;A22230;Klinisk Immunologi;2,57E+14;2,57E+14;A2223025;4,35E+14;2,57E+14;RH KI, KLINISK IMMUNOLOGISK AFD. KI
1301-A22240-A2224000 LC Klinisk Mikrobiologi JMV;18319301 Klinisk Mikrobiologisk 9301;A22240;Klinisk Mikrobiologi;2,57E+14;2,57E+14;A2224000;4,35E+14;2,57E+14;RH KMA, KLINISK MIKROBIOLOGI
1301-A22250-A2225000 LC Patologi Stab;18115443 Lc patologisk stab;A22250;Patologi;2,57E+14;2,57E+14;A2225000;2,57E+14;2,57E+14;RH PA, PATOLOGI
1301-A22250-A2225012 Bartholin Instituttet;18123733 Patologi Bartholin institut;A22250;Patologi;2,57E+14;2,57E+14;A2225012;4,35E+14;2,57E+14;RH PA, PATOLOGI
1301-A22260-A2226000 DEKS,Rigshospitalet-Glostrup;222600000 DEKS,Rigshospitalet-Glostrup;A22260;Dansk Inst. Eks. kval.lab., DEKS;5,85E+14;2,57E+14;A2226000;6,13E+14;5,85E+14;RH DEKS., DANSK INST. EKS. KVAL.LAB., DEKS
1301-A22325-A2232500 Den Regionale Sterilcentral RH;61702193 Den Regionale Sterilcentral RH;A22325;Sterilcentralen;4,13E+14;2,58E+14;A2232500;4,13E+14;4,13E+14;RH, STERILCENTRALEN
1301-A22325-A2232512 Sterilcentral;1502STER Sterilcentralen;A22325;Sterilcentralen;4,13E+14;2,58E+14;A2232512;6,12E+14;4,13E+14;RH, STERILCENTRALEN
1301-A22355-A2235511 TFA Transport og forsyningsafdeling;1502WH1 Patienttransport TA 162;A22355;Patienttransport (hvide portører);6,12E+14;2,58E+14;A2235511;6,13E+14;6,12E+14;RH, STERILCENTRALEN
1301-A22400-A2240011 ABC F-Urologi Tværgående;35802043 Urologisk Op.afsnit 2043D3;A22400;Urologisk Klinik, D;2,52E+14;2,52E+14;A2240011;4,83E+14;2,52E+14;RH D, UROLOGISK KLINIK D
1301-A22400-A2240012 ABC S-Urologi;35802114 Abc s-urologi;A22400;Urologisk Klinik, D;2,52E+14;2,52E+14;A2240012;2,52E+14;2,52E+14;RH D, UROLOGISK KLINIK D
1301-A22400-A2240013 ABC A-Urologi;35802111 Abc a-urologi;A22400;Urologisk Klinik, D;2,52E+14;2,52E+14;A2240013;2,52E+14;2,52E+14;RH D, UROLOGISK KLINIK D
1301-A22400-A2240013 ABC A-Urologi;35807521 Urologisk forskningsenhed;A22400;Urologisk Klinik, D;2,52E+14;2,52E+14;A2240013;2,52E+14;2,52E+14;RH D, UROLOGISK KLINIK D
1301-A22400-A2240013 ABC A-Urologi;4001XTANDI Til BOH fra RH Urologisk Amb;A22400;Urologisk Klinik, D;2,52E+14;2,52E+14;A2240013;2,52E+14;2,52E+14;RH D, UROLOGISK KLINIK D
1301-A22415-A2241511 ABC S-Gastro;35403124 Mave-tarm-lever senge 3124CA;A22415;Medicinsk Klinik for Mave-, Tarm- og Leversygdomme CA;2,52E+14;2,52E+14;A2241511;2,52E+14;2,52E+14;RH CA, MEDICINSK KLINIK FOR MAVE-, TARM- OG LEVERSYGDOMME CA
1301-A22415-A2241512 ABC A-Gastro;224151200 Mave-tarm-lever amb 3164CA9;A22415;Medicinsk Klinik for Mave-, Tarm- og Leversygdomme CA;2,52E+14;2,52E+14;A2241512;2,52E+14;2,52E+14;RH CA, MEDICINSK KLINIK FOR MAVE-, TARM- OG LEVERSYGDOMME CA
1301-A22415-A2241512 ABC A-Gastro;35402101 Mave-tarm-lever;A22415;Medicinsk Klinik for Mave-, Tarm- og Leversygdomme CA;2,52E+14;2,52E+14;A2241512;2,52E+14;2,52E+14;RH CA, MEDICINSK KLINIK FOR MAVE-, TARM- OG LEVERSYGDOMME CA
1301-A22415-A2241512 ABC A-Gastro;35413164 Mave-tarm-lever amb 3164CA9;A22415;Medicinsk Klinik for Mave-, Tarm- og Leversygdomme CA;2,52E+14;2,52E+14;A2241512;2,52E+14;2,52E+14;RH CA, MEDICINSK KLINIK FOR MAVE-, TARM- OG LEVERSYGDOMME CA
1301-A22415-A2241512 ABC A-Gastro;35413164A Mave-tarm-lever amb 3164CA9;A22415;Medicinsk Klinik for Mave-, Tarm- og Leversygdomme CA;2,52E+14;2,52E+14;A2241512;2,52E+14;2,52E+14;RH CA, MEDICINSK KLINIK FOR MAVE-, TARM- OG LEVERSYGDOMME CA
1301-A22420-A2242011 ABC F-Kir-Gastro Tværgående;35602043 Kir. Gas. Op- afsnit 2043C1;A22420;Kirurgisk Gastroenterologisk Klinik, C;2,52E+14;2,52E+14;A2242011;4,84E+14;2,52E+14;RH C, KIR. GASTRO. KLINIK C
1301-A22420-A2242011 ABC F-Kir-Gastro Tværgående;35602121 Abc a-kir-gastro;A22420;Kirurgisk Gastroenterologisk Klinik, C;2,52E+14;2,52E+14;A2242011;4,84E+14;2,52E+14;RH C, KIR. GASTRO. KLINIK C
1301-A22420-A2242012 ABC S-C-Tx;35602124 Abc s-c-tx;A22420;Kirurgisk Gastroenterologisk Klinik, C;2,52E+14;2,52E+14;A2242012;3,16E+14;2,52E+14;RH C, KIR. GASTRO. KLINIK C
1301-A22420-A2242013 ABC S-C-Akut-MM;35603122 Abc s-c-akut mm;A22420;Kirurgisk Gastroenterologisk Klinik, C;2,52E+14;2,52E+14;A2242013;2,52E+14;2,52E+14;RH C, KIR. GASTRO. KLINIK C
1301-A22420-A2242014 ABC A-Kir-Gastro;224201400C KFS Serviceprod RH Cyto GASTRO;A22420;Kirurgisk Gastroenterologisk Klinik, C;2,52E+14;2,52E+14;A2242014;2,52E+14;2,52E+14;RH C, KIR. GASTRO. KLINIK C
1301-A22420-A2242014 ABC A-Kir-Gastro;35602123 Kirurgisk gastroenterologi amb;A22420;Kirurgisk Gastroenterologisk Klinik, C;2,52E+14;2,52E+14;A2242014;2,52E+14;2,52E+14;RH C, KIR. GASTRO. KLINIK C
1301-A22425-A2242512 ABC S-Nefro-Endo;36003131 Abc s-nefro-endo;A22425;Nefrologisk Klinik, P;2,52E+14;2,52E+14;A2242512;2,53E+14;2,52E+14;RH P, NEFROLOGISK KLINIK P
1301-A22425-A2242512 ABC S-Nefro-Endo;36003132 Nefrologisk klinik 3132 P2;A22425;Nefrologisk Klinik, P;2,52E+14;2,52E+14;A2242512;2,53E+14;2,52E+14;RH P, NEFROLOGISK KLINIK P
1301-A22425-A2242513 ABC S-Nefro-Tx;36003133 Abc s-nefro-tx;A22425;Nefrologisk Klinik, P;2,52E+14;2,52E+14;A2242513;2,53E+14;2,52E+14;RH P, NEFROLOGISK KLINIK P
1301-A22425-A2242514 ABC A-Nefro;36002134 Abc-a-nefro;A22425;Nefrologisk Klinik, P;2,52E+14;2,52E+14;A2242514;2,52E+14;2,52E+14;RH P, NEFROLOGISK KLINIK P
1301-A22425-A2242516 ABC Akut Dialyse;36002133 Dialyseafsnit afd P;A22425;Nefrologisk Klinik, P;2,52E+14;2,52E+14;A2242516;2,53E+14;2,52E+14;RH P, NEFROLOGISK KLINIK P
1301-A22425-A2242518 ABC Dialyse H-Bygningen;224251800 Nefrologisk amb dialyse 8602;A22425;Nefrologisk Klinik, P;2,52E+14;2,52E+14;A2242518;2,53E+14;2,52E+14;RH P, NEFROLOGISK KLINIK P
1301-A22425-A2242518 ABC Dialyse H-Bygningen;224251800-1 Nefrologisk amb dialyse 8612;A22425;Nefrologisk Klinik, P;2,52E+14;2,52E+14;A2242518;2,53E+14;2,52E+14;RH P, NEFROLOGISK KLINIK P
1301-A22425-A2242519 ABC D-Hjemme;36012134 Abc d-hjemmedialysen;A22425;Nefrologisk Klinik, P;2,52E+14;2,52E+14;A2242519;2,53E+14;2,52E+14;RH P, NEFROLOGISK KLINIK P
1301-A22425-A2242519 ABC D-Hjemme;RH-HJEM RH - Hjemmedialyse;A22425;Nefrologisk Klinik, P;2,52E+14;2,52E+14;A2242519;2,53E+14;2,52E+14;RH P, NEFROLOGISK KLINIK P
1301-A22425-A2242520 FH - Dialyse Limited Care;1401DIA2 Dialyseafs RH leveres på FRH;A22425;Nefrologisk Klinik, P;2,52E+14;2,52E+14;A2242520;2,53E+14;2,52E+14;RH P, NEFROLOGISK KLINIK P
1301-A22425-A2242520 FH - Dialyse Limited Care;FBH-HJEM FBH - Hjemmedialyse;A22425;Nefrologisk Klinik, P;2,52E+14;2,52E+14;A2242520;2,53E+14;2,52E+14;RH P, NEFROLOGISK KLINIK P
1301-A22425-A2242521 ABC FH-Dialyse;1401DIA1 Dialyseafs RH leveres på FRH;A22425;Nefrologisk Klinik, P;2,52E+14;2,52E+14;A2242521;2,52E+14;2,52E+14;RH P, NEFROLOGISK KLINIK P
1301-A22425-A2242522 ABC L-Nefro;36012131 Afd P, amb/lab;A22425;Nefrologisk Klinik, P;2,52E+14;2,52E+14;A2242522;4,07E+14;2,52E+14;RH P, NEFROLOGISK KLINIK P
1301-A22430-A2243012 ABC Med.Endo Amb;224301200 Med. Endo. amb;A22430;Medicinsk Endokrinologisk Klinik, PE;2,53E+14;2,52E+14;A2243012;2,53E+14;2,53E+14;RH PE, MED. ENDOKR. KLIN. PE
1301-A22430-A2243012 ABC Med.Endo Amb;4001ENDORH Til BOH fra RH-Med. Endo. amb;A22430;Medicinsk Endokrinologisk Klinik, PE;2,53E+14;2,52E+14;A2243012;2,53E+14;2,53E+14;RH PE, MED. ENDOKR. KLIN. PE
1301-A22440-A2244000 ABC F-Ita/Pita;36604131 Abc ita/pita;A22440;Ita/Pita-Funktionen;2,53E+14;2,52E+14;A2244000;2,53E+14;2,53E+14;RH AN, ANÃ†STESIOLOGISK KLINIK, AN
1301-A22440-A2244000 ABC F-Ita/Pita;36604131A Abc ita/pita RH-BUR 41-3;A22440;Ita/Pita-Funktionen;2,53E+14;2,52E+14;A2244000;2,53E+14;2,53E+14;RH AN, ANÃ†STESIOLOGISK KLINIK, AN
1301-A22440-A2244000 ABC F-Ita/Pita;36604134 Abc ITA/PITA 4134;A22440;Ita/Pita-Funktionen;2,53E+14;2,52E+14;A2244000;2,53E+14;2,53E+14;RH AN, ANÃ†STESIOLOGISK KLINIK, AN
1301-A22440-A2244013 Covid-19;224401300B Covid Isolation 3094;A22440;Ita/Pita-Funktionen;2,53E+14;2,52E+14;A2244013;1,02E+15;2,53E+14;RH AN, ANÃ†STESIOLOGISK KLINIK, AN
1301-A22445-A2244511 ABC Op-6-8;36802041 Abc op-6-8;A22445;An/Op;2,53E+14;2,52E+14;A2244511;2,53E+14;2,53E+14;RH ANEU, NEUROANÃ†STESIOLOGISK KLINIK, ANEU
1301-A22445-A2244512 ABC Op-1-5;36802043 Abc op-1-5;A22445;An/Op;2,53E+14;2,52E+14;A2244512;4,07E+14;2,53E+14;RH ANEU, NEUROANÃ†STESIOLOGISK KLINIK, ANEU
1301-A22445-A2244513 ABC S-AN-bedøve;36802044 Abc an-bedøve;A22445;An/Op;2,53E+14;2,52E+14;A2244513;4,07E+14;2,53E+14;RH ANEU, NEUROANÃ†STESIOLOGISK KLINIK, ANEU
1301-A22445-A2244514 ABC COPA;36802042 Opvågningsafsnit, CKO;A22445;An/Op;2,53E+14;2,52E+14;A2244514;4,07E+14;2,53E+14;RH ANEU, NEUROANÃ†STESIOLOGISK KLINIK, ANEU
1301-A22450-A2245000 Center for Aktiv Sundhed;45007641 Center for Inflammation;A22450;Diverse Projekter;9,25E+14;2,52E+14;A2245000;9,25E+14;9,25E+14;RH ANEU, NEUROANÃ†STESIOLOGISK KLINIK, ANEU
1301-A22455-A2245513 Klinik for Blodsygdomme sengeafs 4043L1;42004041 Blodsygdomme klinik 2 4042L9;A22455;Afdeling for Blodsygdomme, L;9,26E+14;2,52E+14;A2245513;9,26E+14;9,26E+14;RH L, AFDELING FOR BLODSYGDOMME, L
1301-A22455-A2245513 Klinik for Blodsygdomme sengeafs 4043L1;42004043 Blodsygdomme sengeafs kl 2;A22455;Afdeling for Blodsygdomme, L;9,26E+14;2,52E+14;A2245513;9,26E+14;9,26E+14;RH L, AFDELING FOR BLODSYGDOMME, L
1301-A22455-A2245513 Klinik for Blodsygdomme sengeafs 4043L1;42014043 Blodsygdomme sengeafs (L9);A22455;Afdeling for Blodsygdomme, L;9,26E+14;2,52E+14;A2245513;9,26E+14;9,26E+14;RH L, AFDELING FOR BLODSYGDOMME, L
1301-A22455-A2245515 Klinik for Blodsygdomme amb 4222L9;4001BLORH4222 Til BOH fra RH Blodsygd 4222;A22455;Afdeling for Blodsygdomme, L;9,26E+14;2,52E+14;A2245515;9,27E+14;9,26E+14;RH L, AFDELING FOR BLODSYGDOMME, L
1301-A22455-A2245515 Klinik for Blodsygdomme amb 4222L9;4001ULTOMIRIS Til BOH fra RH Blodsygd Amb 1;A22455;Afdeling for Blodsygdomme, L;9,26E+14;2,52E+14;A2245515;9,27E+14;9,26E+14;RH L, AFDELING FOR BLODSYGDOMME, L
1301-A22455-A2245515 Klinik for Blodsygdomme amb 4222L9;42004222 Enhed for Leukæmi, Koagulation;A22455;Afdeling for Blodsygdomme, L;9,26E+14;2,52E+14;A2245515;9,27E+14;9,26E+14;RH L, AFDELING FOR BLODSYGDOMME, L
1301-A22455-A2245515 Klinik for Blodsygdomme amb 4222L9;42004222HÆM Blodsygdomme hjemmebeh. voksne;A22455;Afdeling for Blodsygdomme, L;9,26E+14;2,52E+14;A2245515;9,27E+14;9,26E+14;RH L, AFDELING FOR BLODSYGDOMME, L
1301-A22455-A2245517 Klinik for Blodsygdomme amb 4043L9;227051701C KFS Serviceprod RH Cyto HÆM;A22455;Afdeling for Blodsygdomme, L;9,26E+14;2,52E+14;A2245517;9,27E+14;9,26E+14;RH L, AFDELING FOR BLODSYGDOMME, L
1301-A22455-A2245517 Klinik for Blodsygdomme amb 4043L9;42004034 Blodsygdomme amb kl 1 4034L9;A22455;Afdeling for Blodsygdomme, L;9,26E+14;2,52E+14;A2245517;9,27E+14;9,26E+14;RH L, AFDELING FOR BLODSYGDOMME, L
1301-A22455-A2245517 Klinik for Blodsygdomme amb 4043L9;42005052 Blodsygdomme sengeafs kl 3;A22455;Afdeling for Blodsygdomme, L;9,26E+14;2,52E+14;A2245517;9,27E+14;9,26E+14;RH L, AFDELING FOR BLODSYGDOMME, L
1301-A22455-A2245526 Epigenom lab;42084041 Epigenom lab, afs 3733;A22455;Afdeling for Blodsygdomme, L;9,26E+14;2,52E+14;A2245526;9,27E+14;9,26E+14;RH L, AFDELING FOR BLODSYGDOMME, L
1301-A22465-A2246511 Finsenlaboratoriet Tværgående;47013735 Finsenlab (fælles);A22465;Finsenlaboratoriet;9,27E+14;2,52E+14;A2246511;9,27E+14;9,27E+14;#N/A
1301-A22470-A2247011 Onkologisk klinik sengeafs 5043ONK1;227251100 Onkologisk sengeafs. ONK1;A22470;Onkologisk Klinik ONK;9,27E+14;2,52E+14;A2247011;9,27E+14;9,27E+14;RH ONK, ONKOLOGISK KLINIK ONK
1301-A22470-A2247012 5041ONK9;44005043 Onkologisk sengeafs ONK1;A22470;Onkologisk Klinik ONK;9,27E+14;2,52E+14;A2247012;#N/A;#N/A;RH ONK, ONKOLOGISK KLINIK ONK
1301-A22470-A2247014 Onkologisk amb 5042ONK9;4001ONKRH5042 Til BOH fra RH - ONK9 GYN amb;A22470;Onkologisk Klinik ONK;9,27E+14;2,52E+14;A2247014;9,27E+14;9,27E+14;RH ONK, ONKOLOGISK KLINIK ONK
1301-A22470-A2247014 Onkologisk amb 5042ONK9;44015042 Onkologisk amb ONK9 GYN;A22470;Onkologisk Klinik ONK;9,27E+14;2,52E+14;A2247014;9,27E+14;9,27E+14;RH ONK, ONKOLOGISK KLINIK ONK
1301-A22470-A2247015 Onkologisk amb 5012ONK9;227251100C KFS Serviceprod RH Cyto ONK;A22470;Onkologisk Klinik ONK;9,27E+14;2,52E+14;A2247015;9,27E+14;9,27E+14;RH ONK, ONKOLOGISK KLINIK ONK
1301-A22470-A2247015 Onkologisk amb 5012ONK9;227251500 KFE Onkologisk amb ONK 5014;A22470;Onkologisk Klinik ONK;9,27E+14;2,52E+14;A2247015;9,27E+14;9,27E+14;RH ONK, ONKOLOGISK KLINIK ONK
1301-A22470-A2247015 Onkologisk amb 5012ONK9;44015012 Onkologisk amb ONK9 G1;A22470;Onkologisk Klinik ONK;9,27E+14;2,52E+14;A2247015;9,27E+14;9,27E+14;RH ONK, ONKOLOGISK KLINIK ONK
1301-A22470-A2247015 Onkologisk amb 5012ONK9;44025014 Onkologisk ONK1 G1;A22470;Onkologisk Klinik ONK;9,27E+14;2,52E+14;A2247015;9,27E+14;9,27E+14;RH ONK, ONKOLOGISK KLINIK ONK
1301-A22470-A2247015 Onkologisk amb 5012ONK9;44025014A Onkologisk ONK1 G1;A22470;Onkologisk Klinik ONK;9,27E+14;2,52E+14;A2247015;9,27E+14;9,27E+14;RH ONK, ONKOLOGISK KLINIK ONK
1301-A22470-A2247017 Onkologisk klinik sengeafs 5013ONK1;44035011 Onkologisk amb URO/CNS;A22470;Onkologisk Klinik ONK;9,27E+14;2,52E+14;A2247017;9,27E+14;9,27E+14;RH ONK, ONKOLOGISK KLINIK ONK
1301-A22470-A2247018 Onkologisk amb 4262ONK9;44004262 Amb f brystkræftpatienter ONK9;A22470;Onkologisk Klinik ONK;9,27E+14;2,52E+14;A2247018;9,27E+14;9,27E+14;RH ONK, ONKOLOGISK KLINIK ONK
1301-A22470-A2247022 Palliativt afs 4005ONKE;44004111 Palliativt amb;A22470;Onkologisk Klinik ONK;9,27E+14;2,52E+14;A2247022;9,27E+14;9,27E+14;RH ONK, ONKOLOGISK KLINIK ONK
1301-A22470-A2247024 Afsnit for Stråleterapi 3981ONK7;46003981 Stråleterapi;A22470;Onkologisk Klinik ONK;9,27E+14;2,52E+14;A2247024;9,27E+14;9,27E+14;RH ONK, ONKOLOGISK KLINIK ONK
1301-A22470-A2247024 Afsnit for Stråleterapi 3981ONK7;46003991 Stråleterapi Onk amb 3991ONK7;A22470;Onkologisk Klinik ONK;9,27E+14;2,52E+14;A2247024;9,27E+14;9,27E+14;RH ONK, ONKOLOGISK KLINIK ONK
1301-A22470-A2247025 Afsnit for Stråleterapi Fysikere;46013994 Dosisplanlægning, RT fysikere;A22470;Onkologisk Klinik ONK;9,27E+14;2,52E+14;A2247025;9,27E+14;9,27E+14;RH ONK, ONKOLOGISK KLINIK ONK
1301-A22500-A2250011 Klinisk Chef NK;225001102 6023 Neurokirurgi Operation;A22500;Neurokirurgisk Klinik;2,53E+14;2,53E+14;A2250011;2,53E+14;2,53E+14;RH NK, NEUROKIRURGISK KLINIK NK
1301-A22500-A2250011 Klinisk Chef NK;225001104 Neurokirurgi senge 6061NK1;A22500;Neurokirurgisk Klinik;2,53E+14;2,53E+14;A2250011;2,53E+14;2,53E+14;RH NK, NEUROKIRURGISK KLINIK NK
1301-A22500-A2250011 Klinisk Chef NK;225001106 Neurokirurgi senge 6062NK1;A22500;Neurokirurgisk Klinik;2,53E+14;2,53E+14;A2250011;2,53E+14;2,53E+14;RH NK, NEUROKIRURGISK KLINIK NK
1301-A22500-A2250011 Klinisk Chef NK;225001107 Neurokirurgi senge 6063NK1;A22500;Neurokirurgisk Klinik;2,53E+14;2,53E+14;A2250011;2,53E+14;2,53E+14;RH NK, NEUROKIRURGISK KLINIK NK
1301-A22500-A2250014 Neurokirurgisk Ambulatorium;225001400A Neurokirurgisk amb 8067NK9;A22500;Neurokirurgisk Klinik;2,53E+14;2,53E+14;A2250014;2,53E+14;2,53E+14;RH NK, NEUROKIRURGISK KLINIK NK
1301-A22510-A2251012 Smerteklinik;20707612 Smertecenter;A22510;Neuroanæstesiologisk klinik;3,93E+14;2,53E+14;A2251012;2,53E+14;3,93E+14;RH ANEU, NEUROANÃ†STESIOLOGISK KLINIK, ANEU
1301-A22510-A2251016 Anæstesi;225101600 Intensiv neuroanæst 6021ANEU4;A22510;Neuroanæstesiologisk klinik;3,93E+14;2,53E+14;A2251016;3,93E+14;3,93E+14;RH ANEU, NEUROANÃ†STESIOLOGISK KLINIK, ANEU
1301-A22510-A2251019 Anæst. Smerteklinik NEU GLO;150201H1 RB6 Smerteklinik ANGA01;A22510;Neuroanæstesiologisk klinik;3,93E+14;2,53E+14;A2251019;5,86E+14;3,93E+14;RH ANEU, NEUROANÃ†STESIOLOGISK KLINIK, ANEU
1301-A22510-A2251022 Anæstesiologisk afd operation ØB GLO;150201G ØB 3. sal Anæstesi (Opr.gang);A22510;Neuroanæstesiologisk klinik;3,93E+14;2,53E+14;A2251022;5,87E+14;3,93E+14;RH ANEU, NEUROANÃ†STESIOLOGISK KLINIK, ANEU
1301-A22510-A2251023 Anæstesiologisk klinik NEU GLO;150201G2 Y23 Dagafs endosk.&opv.;A22510;Neuroanæstesiologisk klinik;3,93E+14;2,53E+14;A2251023;5,87E+14;3,93E+14;RH ANEU, NEUROANÃ†STESIOLOGISK KLINIK, ANEU
1301-A22510-A2251023 Anæstesiologisk klinik NEU GLO;150201G3 Y13 Intensiv terapiafs;A22510;Neuroanæstesiologisk klinik;3,93E+14;2,53E+14;A2251023;5,87E+14;3,93E+14;RH ANEU, NEUROANÃ†STESIOLOGISK KLINIK, ANEU
1301-A22510-A2251023 Anæstesiologisk klinik NEU GLO;150201G4 VB 3. sal Anæstesi;A22510;Neuroanæstesiologisk klinik;3,93E+14;2,53E+14;A2251023;5,87E+14;3,93E+14;RH ANEU, NEUROANÃ†STESIOLOGISK KLINIK, ANEU
1301-A22510-A2251025 Respirationscenter Øst, senge GLO;15022731 Y14 Resp. cent Øst seng;A22510;Neuroanæstesiologisk klinik;3,93E+14;2,53E+14;A2251025;5,87E+14;3,93E+14;RH ANEU, NEUROANÃ†STESIOLOGISK KLINIK, ANEU
1301-A22515-A2251515 Hukommelsesklinikken, N7;225151500 Hukommelsesklinik 8015N7;A22515;Neurologisk Klinik, N;2,53E+14;2,53E+14;A2251515;2,53E+14;2,53E+14;RH N, NEUROLOGISK KLINIK N
1301-A22515-A2251516 N-Ambulatorium;225151605 Neuromuskulært amb 8077NM;A22515;Neurologisk Klinik, N;2,53E+14;2,53E+14;A2251516;2,53E+14;2,53E+14;RH N, NEUROLOGISK KLINIK N
1301-A22515-A2251518 Klinisk chef N;225151800NEURO Neurologiske hjemmepatienter;A22515;Neurologisk Klinik, N;2,53E+14;2,53E+14;A2251518;3,93E+14;2,53E+14;RH N, NEUROLOGISK KLINIK N
1301-A22515-A2251518 Klinisk chef N;225151802 Scleroseambulatoriet BoH;A22515;Neurologisk Klinik, N;2,53E+14;2,53E+14;A2251518;3,93E+14;2,53E+14;RH N, NEUROLOGISK KLINIK N
1301-A22515-A2251518 Klinisk chef N;225151803 Neurologisk  EMU 6073;A22515;Neurologisk Klinik, N;2,53E+14;2,53E+14;A2251518;3,93E+14;2,53E+14;RH N, NEUROLOGISK KLINIK N
1301-A22515-A2251518 Klinisk chef N;225151804A Neurologisk senge 7065N1;A22515;Neurologisk Klinik, N;2,53E+14;2,53E+14;A2251518;3,93E+14;2,53E+14;RH N, NEUROLOGISK KLINIK N
1301-A22515-A2251518 Klinisk chef N;225151805 Neurologisk senge 7064N1;A22515;Neurologisk Klinik, N;2,53E+14;2,53E+14;A2251518;3,93E+14;2,53E+14;RH N, NEUROLOGISK KLINIK N
1301-A22515-A2251518 Klinisk chef N;225151806 Neurologisk senge 7074N1;A22515;Neurologisk Klinik, N;2,53E+14;2,53E+14;A2251518;3,93E+14;2,53E+14;RH N, NEUROLOGISK KLINIK N
1301-A22515-A2251518 Klinisk chef N;4001NEURH Vederlagsfri medicin RH/Neuro;A22515;Neurologisk Klinik, N;2,53E+14;2,53E+14;A2251518;3,93E+14;2,53E+14;RH N, NEUROLOGISK KLINIK N
1301-A22515-A2251520 Neurobiologisk forskningsenhed;225152000 SPECT Hjerneskanning 6002;A22515;Neurologisk Klinik, N;2,53E+14;2,53E+14;A2251520;3,93E+14;2,53E+14;RH N, NEUROLOGISK KLINIK N
1301-A22515-A2251520 Neurobiologisk forskningsenhed;225152002 Neurobiologisk Forskning 8057;A22515;Neurologisk Klinik, N;2,53E+14;2,53E+14;A2251520;3,93E+14;2,53E+14;RH N, NEUROLOGISK KLINIK N
1301-A22515-A2251521 Neuromuskulær forskning;20813342 Neuromuskulær forskning 8077;A22515;Neurologisk Klinik, N;2,53E+14;2,53E+14;A2251521;3,93E+14;2,53E+14;RH N, NEUROLOGISK KLINIK N
1301-A22515-A2251524 Dansk hovedpinecenter GLO;150222H1 Dansk Hovedpinecenter NGHCA;A22515;Neurologisk Klinik, N;2,53E+14;2,53E+14;A2251524;5,88E+14;2,53E+14;RH N, NEUROLOGISK KLINIK N
1301-A22515-A2251524 Dansk hovedpinecenter GLO;150222H1F Dansk Hovedpinecenter;A22515;Neurologisk Klinik, N;2,53E+14;2,53E+14;A2251524;5,88E+14;2,53E+14;RH N, NEUROLOGISK KLINIK N
1301-A22515-A2251524 Dansk hovedpinecenter GLO;4001DHC Til BOH fra GLO Hovedpinecent.;A22515;Neurologisk Klinik, N;2,53E+14;2,53E+14;A2251524;5,88E+14;2,53E+14;RH N, NEUROLOGISK KLINIK N
1301-A22515-A2251528 Forskning neurologisk afs. GLO;150222FORS LI Neurologisk forskning;A22515;Neurologisk Klinik, N;2,53E+14;2,53E+14;A2251528;5,88E+14;2,53E+14;RH N, NEUROLOGISK KLINIK N
1301-A22515-A2251531 Neurologisk Amb. GLO;150222T1 07/09 Kl. f bevægeforst. NGBFA;A22515;Neurologisk Klinik, N;2,53E+14;2,53E+14;A2251531;5,88E+14;2,53E+14;RH N, NEUROLOGISK KLINIK N
1301-A22515-A2251532 Neurologisk Kl. senge GLO;150222B2 N35 Apopleksi sengeafsnit;A22515;Neurologisk Klinik, N;2,53E+14;2,53E+14;A2251532;5,88E+14;2,53E+14;RH N, NEUROLOGISK KLINIK N
1301-A22515-A2251532 Neurologisk Kl. senge GLO;150222B6 N38 Neurologisk Sengeafs;A22515;Neurologisk Klinik, N;2,53E+14;2,53E+14;A2251532;5,88E+14;2,53E+14;RH N, NEUROLOGISK KLINIK N
1301-A22515-A2251532 Neurologisk Kl. senge GLO;150222B7 N28 Neurologisk Sengeafs;A22515;Neurologisk Klinik, N;2,53E+14;2,53E+14;A2251532;5,88E+14;2,53E+14;RH N, NEUROLOGISK KLINIK N
1301-A22515-A2251532 Neurologisk Kl. senge GLO;150222B8 N48 Neurologisk Sengeafs;A22515;Neurologisk Klinik, N;2,53E+14;2,53E+14;A2251532;5,88E+14;2,53E+14;RH N, NEUROLOGISK KLINIK N
1301-A22515-A2251532 Neurologisk Kl. senge GLO;150222B9 N45 Apopleksi sengeafsnit;A22515;Neurologisk Klinik, N;2,53E+14;2,53E+14;A2251532;5,88E+14;2,53E+14;RH N, NEUROLOGISK KLINIK N
1301-A22515-A2251532 Neurologisk Kl. senge GLO;150222BC N15 Apopleksi sengeafsnit;A22515;Neurologisk Klinik, N;2,53E+14;2,53E+14;A2251532;5,88E+14;2,53E+14;RH N, NEUROLOGISK KLINIK N
1301-A22515-A2251535 Skleroseklinik GLO;150222S1 N16 Skleroseklinik NGSKA;A22515;Neurologisk Klinik, N;2,53E+14;2,53E+14;A2251535;5,89E+14;2,53E+14;RH N, NEUROLOGISK KLINIK N
1301-A22515-A2251590 Forskning - Neurologisk Klinik, N;225159003 Neurobiologisk Forskning 8057;A22515;Neurologisk Klinik, N;2,53E+14;2,53E+14;A2251590;4,98E+14;2,53E+14;RH N, NEUROLOGISK KLINIK N
1301-A22520-A2252019 Kl. f. Rygmarvsskader amb GLO;1502097 Kl.f.Rygmarvsskader amb RSAG02;A22520;Klinik for Rygmarvsskader;2,53E+14;2,53E+14;A2252019;5,85E+14;2,53E+14;RH RS, KLINIK FOR RYGMARVSSKADER
1301-A22520-A2252022 Kl. f. Rygmarvsskader seng GLO;21708813 Klinisk chef tm(Hornbæk);A22520;Klinik for Rygmarvsskader;2,53E+14;2,53E+14;A2252022;5,85E+14;2,53E+14;RH RS, KLINIK FOR RYGMARVSSKADER
1301-A22525-A2252512 Dansk Center f. Søvnmed. GLO;15021972 Dansk Center for Søvnmedicin;A22525;Neurofysiologisk Klinik, NF;2,53E+14;2,53E+14;A2252512;5,87E+14;2,53E+14;RH NF, NEUROFYSIOLOGISK KLINIK, NF
1301-A22525-A2252513 Neurofysiologisk Kl. amb. GLO;15021961 KNF18 Neurofys. Kl. amb NFGA18;A22525;Neurofysiologisk Klinik, NF;2,53E+14;2,53E+14;A2252513;5,87E+14;2,53E+14;RH NF, NEUROFYSIOLOGISK KLINIK, NF
1301-A22535-A2253515 HS Sengeafdeling GLO;1330123 Trauma hjerneskade sengeafs;A22535;HS Traumatisk hjerneskade overafd.;5,85E+14;2,53E+14;A2253515;5,85E+14;5,85E+14;RH ANEU, NEUROANÃ†STESIOLOGISK KLINIK, ANEU
1301-A22605-A2260515 Øjenklinik, amb fælles GLO;150283D1 ØB1 Øjenkl. Øjenamb;A22605;Øjenklinikken, Ø;2,54E+14;2,54E+14;A2260515;5,86E+14;2,54E+14;RH Ã˜, Ã˜JENKLINIKKEN, Ã˜
1301-A22605-A2260515 Øjenklinik, amb fælles GLO;150283F1 Ø44 Øjenkl. Øjenamb;A22605;Øjenklinikken, Ø;2,54E+14;2,54E+14;A2260515;5,86E+14;2,54E+14;RH Ã˜, Ã˜JENKLINIKKEN, Ã˜
1301-A22605-A2260515 Øjenklinik, amb fælles GLO;150283N1 Ø47 Øjenkl. Øjenamb;A22605;Øjenklinikken, Ø;2,54E+14;2,54E+14;A2260515;5,86E+14;2,54E+14;RH Ã˜, Ã˜JENKLINIKKEN, Ã˜
1301-A22605-A2260516 Øjenklinik, Blegdamsvej GLO;226051600 Øjenklinik amb 7066Ø9;A22605;Øjenklinikken, Ø;2,54E+14;2,54E+14;A2260516;5,86E+14;2,54E+14;RH Ã˜, Ã˜JENKLINIKKEN, Ã˜
1301-A22605-A2260517 Øjenklinik, Hillerød GLO;20000821 Øjenafd ambulatoriafsnit 0821;A22605;Øjenklinikken, Ø;2,54E+14;2,54E+14;A2260517;5,86E+14;2,54E+14;RH Ã˜, Ã˜JENKLINIKKEN, Ã˜
1301-A22605-A2260517 Øjenklinik, Hillerød GLO;200008901 Øjenoperation;A22605;Øjenklinikken, Ø;2,54E+14;2,54E+14;A2260517;5,86E+14;2,54E+14;RH Ã˜, Ã˜JENKLINIKKEN, Ã˜
1301-A22605-A2260523 Øjenklinik, AMD amb GLO;4001ØAMD Til BOH fra GLO Amd-funktion;A22605;Øjenklinikken, Ø;2,54E+14;2,54E+14;A2260523;5,87E+14;2,54E+14;RH Ã˜, Ã˜JENKLINIKKEN, Ã˜
1301-A22605-A2260524 Øjenklinik, børneamb GLO;150283E1 Ø20 Øjenkl. Øjenamb;A22605;Øjenklinikken, Ø;2,54E+14;2,54E+14;A2260524;5,87E+14;2,54E+14;RH Ã˜, Ã˜JENKLINIKKEN, Ã˜
1301-A22605-A2260529 Øjenklinik, forskning GLO;150283L1 Ø37 Øjenkl. Forsk.enhed;A22605;Øjenklinikken, Ø;2,54E+14;2,54E+14;A2260529;5,88E+14;2,54E+14;RH Ã˜, Ã˜JENKLINIKKEN, Ã˜
1301-A22605-A2260532 Øjenklinik, Kennedy GLO;226053200 ØGAKA Øjenkl. Kennedy;A22605;Øjenklinikken, Ø;2,54E+14;2,54E+14;A2260532;5,88E+14;2,54E+14;RH Ã˜, Ã˜JENKLINIKKEN, Ã˜
1301-A22605-A2260534 Øjenklinik, operation GLO;150283R1 Ø36 Øjenkl. Operation;A22605;Øjenklinikken, Ø;2,54E+14;2,54E+14;A2260534;5,88E+14;2,54E+14;RH Ã˜, Ã˜JENKLINIKKEN, Ã˜
1301-A22605-A2260534 Øjenklinik, operation GLO;150283R3 VB3 Øjenkl. Operation;A22605;Øjenklinikken, Ø;2,54E+14;2,54E+14;A2260534;5,88E+14;2,54E+14;RH Ã˜, Ã˜JENKLINIKKEN, Ã˜
1301-A22605-A2260534 Øjenklinik, operation GLO;150283R31 ØB1 Øjenkl. Operation/Lucentis;A22605;Øjenklinikken, Ø;2,54E+14;2,54E+14;A2260534;5,88E+14;2,54E+14;RH Ã˜, Ã˜JENKLINIKKEN, Ã˜
1301-A22605-A2260537 Øjenklinik, senge GLO;1502832 Ø34 Øjenkl akut sengeafs;A22605;Øjenklinikken, Ø;2,54E+14;2,54E+14;A2260537;5,88E+14;2,54E+14;RH Ã˜, Ã˜JENKLINIKKEN, Ã˜
1301-A22610-A2261011 Seng U1;226101100 Ortopæd senge 6042;A22610;Ortopædkirurgisk Klinik, U;2,54E+14;2,54E+14;A2261011;2,54E+14;2,54E+14;RH U, ORTOPÃ†DKIR. KLINIK U
1301-A22610-A2261011 Seng U1;226101101 Ortopæd senge 6043ORTO;A22610;Ortopædkirurgisk Klinik, U;2,54E+14;2,54E+14;A2261011;2,54E+14;2,54E+14;RH U, ORTOPÃ†DKIR. KLINIK U
1301-A22610-A2261011 Seng U1;226101102 Ortopæd senge 7044;A22610;Ortopædkirurgisk Klinik, U;2,54E+14;2,54E+14;A2261011;2,54E+14;2,54E+14;RH U, ORTOPÃ†DKIR. KLINIK U
1301-A22610-A2261014 Amb U/S;226101400 OrtopædPlastBrand (Amb);A22610;Ortopædkirurgisk Klinik, U;2,54E+14;2,54E+14;A2261014;2,54E+14;2,54E+14;RH U, ORTOPÃ†DKIR. KLINIK U
1301-A22615-A2261511 ØNH Tværgående;226151101 ØreNæseHals opera 7023;A22615;Øre-, Næse- og Halskirurgisk Klinik, F;2,54E+14;2,54E+14;A2261511;2,54E+14;2,54E+14;RH F, Ã˜RE-,NÃ†SE-,HALSKIR.,F
1301-A22615-A2261512 Seng F;226151200 ØreNæseHals/TMK  senge 7054F1;A22615;Øre-, Næse- og Halskirurgisk Klinik, F;2,54E+14;2,54E+14;A2261512;2,54E+14;2,54E+14;RH F, Ã˜RE-,NÃ†SE-,HALSKIR.,F
1301-A22615-A2261512 Seng F;226151205 ØreNæseHals/TMK  senge 7055F1;A22615;Øre-, Næse- og Halskirurgisk Klinik, F;2,54E+14;2,54E+14;A2261512;2,54E+14;2,54E+14;RH F, Ã˜RE-,NÃ†SE-,HALSKIR.,F
1301-A22615-A2261513 Amb F;226151300 ØreNæseHalskirurgi  amb 7046F9;A22615;Øre-, Næse- og Halskirurgisk Klinik, F;2,54E+14;2,54E+14;A2261513;2,54E+14;2,54E+14;RH F, Ã˜RE-,NÃ†SE-,HALSKIR.,F
1301-A22615-A2261513 Amb F;226151301 ØreNæseHals amb 7056F9;A22615;Øre-, Næse- og Halskirurgisk Klinik, F;2,54E+14;2,54E+14;A2261513;2,54E+14;2,54E+14;RH F, Ã˜RE-,NÃ†SE-,HALSKIR.,F
1301-A22615-A2261522 ØNH BBH Audiologisk Afsnit;1309AUAM BBH Audiologisk amb (3.sal);A22615;Øre-, Næse- og Halskirurgisk Klinik, F;2,54E+14;2,54E+14;A2261522;3,98E+14;2,54E+14;RH F, Ã˜RE-,NÃ†SE-,HALSKIR.,F
1301-A22620-A2262014 Klinik for Plastikkirurgi PBB, heldøgn;26313103 Ce-endokrin/mammakirg(CE1);A22620;Klinik for Plastikkir., Brystkir. og Brandsårsbehandl., PBB;3,62E+14;2,54E+14;A2262014;2,55E+14;3,62E+14;RH PBB, KLINIK FOR PLASTKKIR., BRYSTKIR. OG BRANDSÃ…RSBEH.
1301-A22620-A2262015 Klinik for Plastikkirurgi PBB, heldøgn;226201500 PlastBrand senge 6041PB1;A22620;Klinik for Plastikkir., Brystkir. og Brandsårsbehandl., PBB;3,62E+14;2,54E+14;A2262015;2,54E+14;3,62E+14;RH PBB, KLINIK FOR PLASTKKIR., BRYSTKIR. OG BRANDSÃ…RSBEH.
1301-A22620-A2262015 Klinik for Plastikkirurgi PBB, heldøgn;226201503 PlastBrand senge 6051PB1;A22620;Klinik for Plastikkir., Brystkir. og Brandsårsbehandl., PBB;3,62E+14;2,54E+14;A2262015;2,54E+14;3,62E+14;RH PBB, KLINIK FOR PLASTKKIR., BRYSTKIR. OG BRANDSÃ…RSBEH.
1301-A22620-A2262016 Seng S;226201600 PlastBrand senge 6052PB1;A22620;Klinik for Plastikkir., Brystkir. og Brandsårsbehandl., PBB;3,62E+14;2,54E+14;A2262016;2,54E+14;3,62E+14;RH PBB, KLINIK FOR PLASTKKIR., BRYSTKIR. OG BRANDSÃ…RSBEH.
1301-A22620-A2262016 Seng S;226201609 PlastBrand senge 6053PB1;A22620;Klinik for Plastikkir., Brystkir. og Brandsårsbehandl., PBB;3,62E+14;2,54E+14;A2262016;2,54E+14;3,62E+14;RH PBB, KLINIK FOR PLASTKKIR., BRYSTKIR. OG BRANDSÃ…RSBEH.
1301-A22625-A2262512 Tand Tværgående;25722002 Hoc tand;A22625;Tand-, Mund- og Kæbekirurgisk Klinik, Z;2,54E+14;2,54E+14;A2262512;2,55E+14;2,54E+14;RH Z, TAND-,MUND- OG KÃ†BEKIR. KL. Z
1301-A22630-A2263012 Klinik fErgo- og Fysioterapi. T, ergoterap.;226301200 Team 7 Ergo og Fys 7005ERGO;A22630;Klinik for Ergo- og Fysioterapi;2,55E+14;2,54E+14;A2263012;2,55E+14;2,55E+14;RH T, KLINIK FOR ERGO- OG FYSIOTERAPI, T
1301-A22640-A2264011 Traumecenter og Akut Modt TC8 Tværgående;25403193 Hoc Traumecentret 3193TC8;A22640;Traumecenter og Akut Modtagelse, TC;3,97E+14;2,54E+14;A2264011;4,84E+14;3,97E+14;RH TC, TRAUMECENTER OG AKUT MODTAGELSE
1301-A22645-A2264516 Anæstesi Tværgående;226456105 Ortopæd (ANOP) 6013ORTO;A22645;Anæstesi/Operation;2,55E+14;2,54E+14;A2264516;2,55E+14;2,55E+14;RH JE, ANÃ†STESI-/OPERATIONSKLINIK, HOC
1301-A22645-A2264518 OP F;226451800A ØNH/TMK (ANOP)  6023F2;A22645;Anæstesi/Operation;2,55E+14;2,54E+14;A2264518;4,07E+14;2,55E+14;RH JE, ANÃ†STESI-/OPERATIONSKLINIK, HOC
1301-A22646-A2264620 Hyperbar iltbehandling AHOC;226462000 Hyperbar iltbehandling 4092HYP;A22646;Anæstesi-/Operationsklinik, AHOC;9,83E+14;2,54E+14;A2264620;9,83E+14;9,83E+14;RH AHOC, ANÃ†STESI-/OPERATIONSKLINIK, AHOC
1301-A22646-A2264630 Opera/Modt/Opvåg OPNORD;226451604 PlastBrand (ANOP) 7013;A22646;Anæstesi-/Operationsklinik, AHOC;9,83E+14;2,54E+14;A2264630;9,83E+14;9,83E+14;RH AHOC, ANÃ†STESI-/OPERATIONSKLINIK, AHOC
1301-A22646-A2264630 Opera/Modt/Opvåg OPNORD;226453000 OMO Modtagelse/opv 1. sal 7014;A22646;Anæstesi-/Operationsklinik, AHOC;9,83E+14;2,54E+14;A2264630;9,83E+14;9,83E+14;RH AHOC, ANÃ†STESI-/OPERATIONSKLINIK, AHOC
1301-A22646-A2264630 Opera/Modt/Opvåg OPNORD;226453010 OMO Modtagelse/opv 2. sal 7024;A22646;Anæstesi-/Operationsklinik, AHOC;9,83E+14;2,54E+14;A2264630;9,83E+14;9,83E+14;RH AHOC, ANÃ†STESI-/OPERATIONSKLINIK, AHOC
1301-A22655-A2265500 Læbe-Ganespalte Centret amb;226550000 Læbe-Ganespalte Centret, LGC;A22655;Læbe-Ganespalte Centret;3,49E+14;2,54E+14;A2265500;3,49E+14;3,49E+14;RH LGC, LÃ†BE-GANESPALTE CENTRET
1301-A22675-A2267513 Reumatologisk Sengeafsnit;227301203 Reumatologisk sengeafs (LS2);A22675;Videncenter for Reumatologi og Rygkirurgi, VRR;5,85E+14;2,54E+14;A2267513;5,86E+14;5,85E+14;RH VRR, VIDENCENTER FOR REUMATOLOGI OG RYGSYGDOMME, VRR
1301-A22675-A2267513 Reumatologisk Sengeafsnit;41014242 Reumatologisk amb 4242VRR7;A22675;Videncenter for Reumatologi og Rygkirurgi, VRR;5,85E+14;2,54E+14;A2267513;5,86E+14;5,85E+14;RH VRR, VIDENCENTER FOR REUMATOLOGI OG RYGSYGDOMME, VRR
1301-A22675-A2267515 Videnc. Reum/Ryg amb FRB;1401FHAR FRH Reumatologisk Amb.;A22675;Videncenter for Reumatologi og Rygkirurgi, VRR;5,85E+14;2,54E+14;A2267515;5,86E+14;5,85E+14;RH VRR, VIDENCENTER FOR REUMATOLOGI OG RYGSYGDOMME, VRR
1301-A22675-A2267515 Videnc. Reum/Ryg amb FRB;4001REUFBR Til BOH fra FBR Reuma;A22675;Videncenter for Reumatologi og Rygkirurgi, VRR;5,85E+14;2,54E+14;A2267515;5,86E+14;5,85E+14;RH VRR, VIDENCENTER FOR REUMATOLOGI OG RYGSYGDOMME, VRR
1301-A22675-A2267516 Videnc. Reum/Ryg amb GEN;1501CA605 Klinik for gigtsygd, CA-605 GE;A22675;Videncenter for Reumatologi og Rygkirurgi, VRR;5,85E+14;2,54E+14;A2267516;5,87E+14;5,85E+14;RH VRR, VIDENCENTER FOR REUMATOLOGI OG RYGSYGDOMME, VRR
1301-A22675-A2267517 Videnc. Reum/Ryg amb HIL;20004014 Reumatologisk amb-afs 0731 HI;A22675;Videncenter for Reumatologi og Rygkirurgi, VRR;5,85E+14;2,54E+14;A2267517;5,87E+14;5,85E+14;RH VRR, VIDENCENTER FOR REUMATOLOGI OG RYGSYGDOMME, VRR
1301-A22675-A2267521 Videnc. Reum/Ryg med. amb GLO;150281C VRR 50 Ambulatorium;A22675;Videncenter for Reumatologi og Rygkirurgi, VRR;5,85E+14;2,54E+14;A2267521;5,87E+14;5,85E+14;RH VRR, VIDENCENTER FOR REUMATOLOGI OG RYGSYGDOMME, VRR
1301-A22675-A2267521 Videnc. Reum/Ryg med. amb GLO;150281C3 VRRGAM10 Reuma dagafsnit;A22675;Videncenter for Reumatologi og Rygkirurgi, VRR;5,85E+14;2,54E+14;A2267521;5,87E+14;5,85E+14;RH VRR, VIDENCENTER FOR REUMATOLOGI OG RYGSYGDOMME, VRR
1301-A22675-A2267521 Videnc. Reum/Ryg med. amb GLO;4001VRRGLO Til BOH fra GLO VRR 50 Amb.;A22675;Videncenter for Reumatologi og Rygkirurgi, VRR;5,85E+14;2,54E+14;A2267521;5,87E+14;5,85E+14;RH VRR, VIDENCENTER FOR REUMATOLOGI OG RYGSYGDOMME, VRR
1301-A22675-A2267523 Videnc. Reum/Ryg senge GLO;15028121 VRRG11 sengeafsnit;A22675;Videncenter for Reumatologi og Rygkirurgi, VRR;5,85E+14;2,54E+14;A2267523;5,87E+14;5,85E+14;RH VRR, VIDENCENTER FOR REUMATOLOGI OG RYGSYGDOMME, VRR
1301-A22675-A2267523 Videnc. Reum/Ryg senge GLO;150281211 VRRG21 Reuma/rygkir. senge;A22675;Videncenter for Reumatologi og Rygkirurgi, VRR;5,85E+14;2,54E+14;A2267523;5,87E+14;5,85E+14;RH VRR, VIDENCENTER FOR REUMATOLOGI OG RYGSYGDOMME, VRR
1301-A22805-A2280511 Kirurgisk Intensiv;10304141 Kirurgisk intensiv;A22805;Thoraxanæstesiologisk Klinik;2,51E+14;2,51E+14;A2280511;2,51E+14;2,51E+14;RH RT, THORAXKIRURGISK KLINIK RT
1301-A22805-A2280511 Kirurgisk Intensiv;10304141A Kirurgisk intensiv;A22805;Thoraxanæstesiologisk Klinik;2,51E+14;2,51E+14;A2280511;2,51E+14;2,51E+14;RH RT, THORAXKIRURGISK KLINIK RT
1301-A22805-A2280515 Thorax AN;10303044 Thorax anæstesi;A22805;Thoraxanæstesiologisk Klinik;2,51E+14;2,51E+14;A2280515;3,90E+14;2,51E+14;RH RT, THORAXKIRURGISK KLINIK RT
1301-A22805-A2280515 Thorax AN;10303151 Anæstesiologisk Klinik 3151;A22805;Thoraxanæstesiologisk Klinik;2,51E+14;2,51E+14;A2280515;3,90E+14;2,51E+14;RH RT, THORAXKIRURGISK KLINIK RT
1301-A22810-A2281014 Kardiologisk Lab;10502012 Kardiologisk lab;A22810;Hjerte-medicinsk Klinik B;2,51E+14;2,51E+14;A2281014;2,51E+14;2,51E+14;RH B, HJERTEMEDICINSK KLINIK B
1301-A22810-A2281014 Kardiologisk Lab;10513141 Kardiologisk lab;A22810;Hjerte-medicinsk Klinik B;2,51E+14;2,51E+14;A2281014;2,51E+14;2,51E+14;RH B, HJERTEMEDICINSK KLINIK B
1301-A22810-A2281014 Kardiologisk Lab;10592012 Kardiologisk lab (Fælles );A22810;Hjerte-medicinsk Klinik B;2,51E+14;2,51E+14;A2281014;2,51E+14;2,51E+14;RH B, HJERTEMEDICINSK KLINIK B
1301-A22810-A2281015 Medicinsk Amb;10508523 Medicinsk amb 8523B9;A22810;Hjerte-medicinsk Klinik B;2,51E+14;2,51E+14;A2281015;2,52E+14;2,51E+14;RH B, HJERTEMEDICINSK KLINIK B
1301-A22810-A2281016 Medicinsk Intensiv;10502143 Hjertemedicinsk intensiv2143B1;A22810;Hjerte-medicinsk Klinik B;2,51E+14;2,51E+14;A2281016;2,52E+14;2,51E+14;RH B, HJERTEMEDICINSK KLINIK B
1301-A22810-A2281016 Medicinsk Intensiv;10502143-1 Ekko-Lab;A22810;Hjerte-medicinsk Klinik B;2,51E+14;2,51E+14;A2281016;2,52E+14;2,51E+14;RH B, HJERTEMEDICINSK KLINIK B
1301-A22810-A2281016 Medicinsk Intensiv;10502143-2 Kardilogisk lab 2011;A22810;Hjerte-medicinsk Klinik B;2,51E+14;2,51E+14;A2281016;2,52E+14;2,51E+14;RH B, HJERTEMEDICINSK KLINIK B
1301-A22810-A2281018 Sengeafs. Med. Kompleks;10553144 Sengeafs m kompleks (Fælles);A22810;Hjerte-medicinsk Klinik B;2,51E+14;2,51E+14;A2281018;2,52E+14;2,51E+14;RH B, HJERTEMEDICINSK KLINIK B
1301-A22810-A2281019 Sengeafs. Tx;10552153 Sengeafs 2153B1;A22810;Hjerte-medicinsk Klinik B;2,51E+14;2,51E+14;A2281019;2,52E+14;2,51E+14;RH B, HJERTEMEDICINSK KLINIK B
1301-A22810-A2281020 Sengeafs. Med. Koronar;10553142 Sengeafs m koronar (fælles);A22810;Hjerte-medicinsk Klinik B;2,51E+14;2,51E+14;A2281020;2,52E+14;2,51E+14;RH B, HJERTEMEDICINSK KLINIK B
1301-A22820-A2282011 Lungekirurgisk sengeafsnit;10703152 Sengeafs thoraxkirurgi;A22820;Thorax-kirurgisk Klinik RT;2,52E+14;2,51E+14;A2282011;2,52E+14;2,52E+14;RH RT, THORAXKIRURGISK KLINIK RT
1301-A22820-A2282012 Sengeafs. Kir. Koronar;10723154 Hc sengeafs kir koronar (Rød);A22820;Thorax-kirurgisk Klinik RT;2,52E+14;2,51E+14;A2282012;2,52E+14;2,52E+14;RH RT, THORAXKIRURGISK KLINIK RT
1301-A22820-A2282015 Hjertekirurgisk sengeafsnit;10703061 Fast Track Koronar 3061;A22820;Thorax-kirurgisk Klinik RT;2,52E+14;2,51E+14;A2282015;3,90E+14;2,52E+14;RH RT, THORAXKIRURGISK KLINIK RT
1301-A22820-A2282015 Hjertekirurgisk sengeafsnit;228201500 Fast Track Koronar 3161/3162;A22820;Thorax-kirurgisk Klinik RT;2,52E+14;2,51E+14;A2282015;3,90E+14;2,52E+14;RH RT, THORAXKIRURGISK KLINIK RT
1301-A22830-A2283013 Karkirurgisk klinik sengeafs 3113RK;224101300 Abc s-kar;A22830;Karkirurgisk Klinik RK;9,28E+14;2,51E+14;A2283013;9,28E+14;9,28E+14;RH RK, KARKIRURGISK KLINIK RK
1301-A22830-A2283013 Karkirurgisk klinik sengeafs 3113RK;36203113 Karkirurgisk sengeafs 3113RK1;A22830;Karkirurgisk Klinik RK;9,28E+14;2,51E+14;A2283013;9,28E+14;9,28E+14;RH RK, KARKIRURGISK KLINIK RK
1301-A22830-A2283013 Karkirurgisk klinik sengeafs 3113RK;36203114 Karkirurgisk sengeafs 3114RK1;A22830;Karkirurgisk Klinik RK;9,28E+14;2,51E+14;A2283013;9,28E+14;9,28E+14;RH RK, KARKIRURGISK KLINIK RK
1301-A22830-A2283016 Karkirurgisk amb GEH 9903;1501JA712 Karkirurgisk amb JA 712 GE;A22830;Karkirurgisk Klinik RK;9,28E+14;2,51E+14;A2283016;9,28E+14;9,28E+14;RH RK, KARKIRURGISK KLINIK RK
1301-A22840-A2284013 Infektionsmedicinsk sengeafs 8642IR2;227301300 Infektion sengeafsnit 8642iR2;A22840;Infektionsmedicinsk Klinik IR;9,28E+14;2,51E+14;A2284013;9,28E+14;9,28E+14;RH IR, INFEKTIONSMEDICINSK KLINIK IR
1301-A22840-A2284014 CMP-Kommunehospitalet;45004601 Center for Med Parasitologi;A22840;Infektionsmedicinsk Klinik IR;9,28E+14;2,51E+14;A2284014;9,28E+14;9,28E+14;RH IR, INFEKTIONSMEDICINSK KLINIK IR
1301-A22840-A2284015 Infektion amb 8622IR6;227301503 Infektion amb. 8622IR9;A22840;Infektionsmedicinsk Klinik IR;9,28E+14;2,51E+14;A2284015;9,28E+14;9,28E+14;RH IR, INFEKTIONSMEDICINSK KLINIK IR
1301-A22840-A2284015 Infektion amb 8622IR6;227301503INFMED Inf. med. hjemmepatienter;A22840;Infektionsmedicinsk Klinik IR;9,28E+14;2,51E+14;A2284015;9,28E+14;9,28E+14;RH IR, INFEKTIONSMEDICINSK KLINIK IR
1301-A22840-A2284015 Infektion amb 8622IR6;4001INFRH Til BoH fra RH Infektion;A22840;Infektionsmedicinsk Klinik IR;9,28E+14;2,51E+14;A2284015;9,28E+14;9,28E+14;RH IR, INFEKTIONSMEDICINSK KLINIK IR
1301-A22840-A2284017 Infektion sengeafs 865IR2;227301700 Infektion sengeafsnit 8652IR2;A22840;Infektionsmedicinsk Klinik IR;9,28E+14;2,51E+14;A2284017;9,28E+14;9,28E+14;RH IR, INFEKTIONSMEDICINSK KLINIK IR
1301-A22840-A2284021 Rejseservice/vaccination;227302100 Rejse- og vacc. afd. 8622IR9;A22840;Infektionsmedicinsk Klinik IR;9,28E+14;2,51E+14;A2284021;9,28E+14;9,28E+14;RH IR, INFEKTIONSMEDICINSK KLINIK IR
1301-A22910-A2291000 Anæstesi, Jmc;30304013 Anæstesi Jmc;A22910;Anæstesi Og Operation;2,55E+14;2,55E+14;A2291000;2,55E+14;2,55E+14;RH J5, ANÃ†STESI OG OPERATION
1301-A22910-A2291012 Operation, Jmc;229101200 Operation Jmc 3033;A22910;Anæstesi Og Operation;2,55E+14;2,55E+14;A2291012;2,55E+14;2,55E+14;RH J5, ANÃ†STESI OG OPERATION
1301-A22910-A2291012 Operation, Jmc;30304014 Operation Jmc;A22910;Anæstesi Og Operation;2,55E+14;2,55E+14;A2291012;2,55E+14;2,55E+14;RH J5, ANÃ†STESI OG OPERATION
1301-A22915-A2291512 Gyn. Onkologisk Sengeafsnit;30705031 Føde og gyn afd Y;A22915;Obstetrisk klinik Y;2,55E+14;2,55E+14;A2291512;2,55E+14;2,55E+14;RH Y, OBSTETRISK KLINIK Y
1301-A22930-A2293012 Intensiv Obstetrik, Svangre;31114022 Svangre/intensiv obstetrik Y7;A22930;Obstetrik;2,55E+14;2,55E+14;A2293012;2,56E+14;2,55E+14;#N/A
1301-A22930-A2293014 Fødegang;31105022 Jmc fødegang;A22930;Obstetrik;2,55E+14;2,55E+14;A2293014;2,56E+14;2,55E+14;#N/A
1301-A22930-A2293015 Intensiv Obst., Svangre / Barsel;31105034 Jmc barselsgang;A22930;Obstetrik;2,55E+14;2,55E+14;A2293015;2,56E+14;2,55E+14;#N/A
1301-A22930-A2293016 Diabeteslaboratorium;31134001 Jmc diabeteslab;A22930;Obstetrik;2,55E+14;2,55E+14;A2293016;2,56E+14;2,55E+14;#N/A
1301-A22930-A2293017 Svangreambulatorium;31104002 Svangreamb 4002Y7;A22930;Obstetrik;2,55E+14;2,55E+14;A2293017;2,55E+14;2,55E+14;#N/A
1301-A22930-A2293017 Svangreambulatorium;31104632 Jordemodercenter Aldersrogade;A22930;Obstetrik;2,55E+14;2,55E+14;A2293017;2,55E+14;2,55E+14;#N/A
1301-A22930-A2293019 Barsel Aldersro;31104631 Barselshotel afsnit 1002Y1;A22930;Obstetrik;2,55E+14;2,55E+14;A2293019;4,29E+14;2,55E+14;#N/A
1301-A22940-A2294000 Neonatologi;229400000 Neonatologi 7044;A22940;Neonatologi;2,56E+14;2,55E+14;A2294000;2,56E+14;2,56E+14;RH GN, NEONATAL KLINIKKEN GN
1301-A22940-A2294000 Neonatologi;31705023 Neonatologi;A22940;Neonatologi;2,56E+14;2,55E+14;A2294000;2,56E+14;2,56E+14;RH GN, NEONATAL KLINIKKEN GN
1301-A22940-A2294011 Neonatologi Tværgående;31705021 Neonatologi (team 1);A22940;Neonatologi;2,56E+14;2,55E+14;A2294011;4,84E+14;2,56E+14;RH GN, NEONATAL KLINIKKEN GN
1301-A22945-A2294513 Børnekardiologi GGK heldøgn;31904144 Børnekardiologi 4144GGK1;A22945;BørneUngeKlinikken;2,56E+14;2,55E+14;A2294513;2,56E+14;2,56E+14;RH GGK, PÃ†DIATRI GGK
1301-A22945-A2294514 Børnekardiologi, GGK, ambulatorium;31905003 Børnekardiologisk amb 5003KARD;A22945;BørneUngeKlinikken;2,56E+14;2,55E+14;A2294514;2,56E+14;2,56E+14;RH GGK, PÃ†DIATRI GGK
1301-A22945-A2294515 Lungeambulatorium børn, GGK;31915003 Ambulatorier 5003/5004;A22945;BørneUngeKlinikken;2,56E+14;2,55E+14;A2294515;2,56E+14;2,56E+14;RH GGK, PÃ†DIATRI GGK
1301-A22945-A2294516 Børnemodtagelse GGK;31925062 Børnemodtagelse døgn5062GGKC;A22945;BørneUngeKlinikken;2,56E+14;2,55E+14;A2294516;2,56E+14;2,56E+14;RH GGK, PÃ†DIATRI GGK
1301-A22945-A2294517 Neuro børneambulatorium, GGK;31925003 Neuro børneamb 5000GGKN;A22945;BørneUngeKlinikken;2,56E+14;2,55E+14;A2294517;2,56E+14;2,56E+14;RH GGK, PÃ†DIATRI GGK
1301-A22945-A2294518 Børne hæm/onk, GGK heldøgn;229451800C KFS Serviceprod RH Cyto BØRN;A22945;BørneUngeKlinikken;2,56E+14;2,55E+14;A2294518;2,56E+14;2,56E+14;RH GGK, PÃ†DIATRI GGK
1301-A22945-A2294518 Børne hæm/onk, GGK heldøgn;32105054 Børne hæm/onk 5054GGKB;A22945;BørneUngeKlinikken;2,56E+14;2,55E+14;A2294518;2,56E+14;2,56E+14;RH GGK, PÃ†DIATRI GGK
1301-A22945-A2294518 Børne hæm/onk, GGK heldøgn;88108 Onk/hæm børneafd. 5054GGKB;A22945;BørneUngeKlinikken;2,56E+14;2,55E+14;A2294518;2,56E+14;2,56E+14;RH GGK, PÃ†DIATRI GGK
1301-A22945-A2294519 Hæm/Onk Børneambulatorium GGK;229451900 Hæm/Onk Børneamb.;A22945;BørneUngeKlinikken;2,56E+14;2,55E+14;A2294519;2,56E+14;2,56E+14;RH GGK, PÃ†DIATRI GGK
1301-A22945-A2294519 Hæm/Onk Børneambulatorium GGK;229451900A Hæmofili Børn - HJEM;A22945;BørneUngeKlinikken;2,56E+14;2,55E+14;A2294519;2,56E+14;2,56E+14;RH GGK, PÃ†DIATRI GGK
1301-A22945-A2294519 Hæm/Onk Børneambulatorium GGK;32105002 Hæm/onk børneamb 5002GGKO;A22945;BørneUngeKlinikken;2,56E+14;2,55E+14;A2294519;2,56E+14;2,56E+14;RH GGK, PÃ†DIATRI GGK
1301-A22945-A2294519 Hæm/Onk Børneambulatorium GGK;32115051 Hæm/onk børneamb 5051GGKO;A22945;BørneUngeKlinikken;2,56E+14;2,55E+14;A2294519;2,56E+14;2,56E+14;RH GGK, PÃ†DIATRI GGK
1301-A22945-A2294520 Bonko Lab;32105704 Jmc bonko lab;A22945;BørneUngeKlinikken;2,56E+14;2,55E+14;A2294520;2,56E+14;2,56E+14;RH GGK, PÃ†DIATRI GGK
1301-A22945-A2294521 mmunologisk børneambulatorium, GGK;32125002 Immunologisk børneamb 4063GGKM;A22945;BørneUngeKlinikken;2,56E+14;2,55E+14;A2294521;2,56E+14;2,56E+14;RH GGK, PÃ†DIATRI GGK
1301-A22945-A2294522 Intensiv pædiatri, GGK heldøgn;31944064 Daghospital 4064DAGH;A22945;BørneUngeKlinikken;2,56E+14;2,55E+14;A2294522;2,56E+14;2,56E+14;RH GGK, PÃ†DIATRI GGK
1301-A22945-A2294522 Intensiv pædiatri, GGK heldøgn;32105061 5061 - STOR BL KASSE;A22945;BørneUngeKlinikken;2,56E+14;2,55E+14;A2294522;2,56E+14;2,56E+14;RH GGK, PÃ†DIATRI GGK
1301-A22945-A2294522 Intensiv pædiatri, GGK heldøgn;32125063 5063 LILLE MEDICINRUM;A22945;BørneUngeKlinikken;2,56E+14;2,55E+14;A2294522;2,56E+14;2,56E+14;RH GGK, PÃ†DIATRI GGK
1301-A22945-A2294523 Reumatologisk børneambulatorium, GGK;32104272 Reumatologisk børneamb4272GGKR;A22945;BørneUngeKlinikken;2,56E+14;2,55E+14;A2294523;2,56E+14;2,56E+14;RH GGK, PÃ†DIATRI GGK
1301-A22945-A2294523 Reumatologisk børneambulatorium, GGK;4001BØRNREURH Til BOH fra RH BørnREURH 4272;A22945;BørneUngeKlinikken;2,56E+14;2,55E+14;A2294523;2,56E+14;2,56E+14;RH GGK, PÃ†DIATRI GGK
1301-A22945-A2294530 Klinik for sjældne Handicap;30915003 Center f sjældne sygd 5003GGKS;A22945;BørneUngeKlinikken;2,56E+14;2,55E+14;A2294530;2,55E+14;2,56E+14;RH GGK, PÃ†DIATRI GGK
1301-A22960-A2296000 Klinik for Vækst Og Reproduktion, GR;30405064 Vækst og reproduktion;A22960;Klinik for Vækst Og Reproduktion, GR;2,55E+14;2,55E+14;A2296000;4,84E+14;2,55E+14;RH GR, KLIN. F. VÃ†KST OG REPRODUK. GR
1301-A22960-A2296011 Klinik for Vækst Og Reproduktion, GR Tværgående;30409532 GR ambulatorium 9532;A22960;Klinik for Vækst Og Reproduktion, GR;2,55E+14;2,55E+14;A2296011;2,55E+14;2,55E+14;RH GR, KLIN. F. VÃ†KST OG REPRODUK. GR
1301-A22960-A2296011 Klinik for Vækst Og Reproduktion, GR Tværgående;30409541 GR ambulatorium 9541;A22960;Klinik for Vækst Og Reproduktion, GR;2,55E+14;2,55E+14;A2296011;2,55E+14;2,55E+14;RH GR, KLIN. F. VÃ†KST OG REPRODUK. GR
1301-A22965-A2296500 Fertilitetsklinik;30604071 Fertilitetsklinik;A22965;Fertilitetsklinik;2,55E+14;2,55E+14;A2296500;2,55E+14;2,55E+14;RH FER, FERTILITETSKLINIK
1301-A22965-A2296511 Reproduktionsbiologisk Lab.;30605712 Reproduktionsbiologisk lab;A22965;Fertilitetsklinik;2,55E+14;2,55E+14;A2296511;2,55E+14;2,55E+14;RH FER, FERTILITETSKLINIK
1301-A22965-A2296512 Fertilitetsklinik Tværgående;30614071 4071HAB;A22965;Fertilitetsklinik;2,55E+14;2,55E+14;A2296512;4,84E+14;2,55E+14;RH FER, FERTILITETSKLINIK
1301-A22975-A2297500 Børnekirurgi GGK, heldøgn;229750000 Børnekirurgisk amb;A22975;Børnekirurgi;4,27E+14;2,55E+14;A2297500;4,84E+14;4,27E+14;RH GGK, PÃ†DIATRI GGK
1301-A22975-A2297500 Børnekirurgi GGK, heldøgn;31504053 Jmc børnekirurgi 4053GGK2;A22975;Børnekirurgi;4,27E+14;2,55E+14;A2297500;4,84E+14;4,27E+14;RH GGK, PÃ†DIATRI GGK
1301-A22975-A2297520 Børnekirurgi;26203083 Hoc børneklinik;A22975;Børnekirurgi;4,27E+14;2,55E+14;A2297520;6,78E+14;4,27E+14;RH GGK, PÃ†DIATRI GGK
